,uri,track_name,explicit
0,spotify:track:3ZWjM5bklwH3dvLgEcTgnw,Cenote,False
103,spotify:track:6l2gLTa1xINj6iQvpKcveK,Satellite 7,False
102,spotify:track:5xvCv1dp92rrQn56JlgOVa,Transit Map (Flattened),False
101,spotify:track:0GUwF55ZINH7P29y6QlJfm,Quartz,False
100,spotify:track:6HlcVT8PmqqXuKR6oQ4cSa,Q,False
99,spotify:track:4yssikR8CXEQg7rukgNZZE,a deities encore (feat. Liv.e),False
98,spotify:track:0IPFkUscKKM5ONRFC6IrsC,tender hearts meet the sky (feat. keiyaA),False
97,spotify:track:5x05lyscQMBZcASG9uP6oU,if and when (feat. Wiki),False
96,spotify:track:3FZFI1p9qhX0FWQIsklTFW,need u tonight,False
95,spotify:track:46KAYBNyPwyrC4tg3yS8Wx,say that (feat. Nomi),False
94,spotify:track:31YdhTRMSgsrrzLVe3Vje0,kissing (feat. slowthai),False
93,spotify:track:4S0E60NJqrmQcMd9elQu4w,somehow she’s still here (feat. James Blake),False
92,spotify:track:1IF8L7tcdvxU489MSIoBnu,end of the road (feat. reggie),False
91,spotify:track:67AEPCyEFsuBt1Z9kgDL9t,"heat on, lips on",False
90,spotify:track:0aqBpzk4cALQ5bnfxb2Pe8,f1 racer (feat. KUČKA),False
89,spotify:track:60CzDAQLO8FVETwIDjUw56,in your eyes (feat. slowthai & Danny Brown),False
88,spotify:track:2eYlJNEemHEzq7LQ0ESYYQ,dvd (feat. Choker),False
87,spotify:track:04Okwqtb8QDPJyZx4KFfL5,Took Some Time,False
73,spotify:track:0I5hCXkYuxxtyVfvhX5i1R,We So Young,False
74,spotify:track:2E1eiWmHcVWoKk703bPtoI,Nightmares & Dreams,False
75,spotify:track:69PFau6KtBqlsastEKHIfy,Tired Of Me,False
76,spotify:track:3BjQvCNvF2kafsf63eyBjJ,Chokehold,False
77,spotify:track:7oECNizNMlLtb78s4B5qba,Spare Me,False
78,spotify:track:3VDu96ldEUkNOjNSbTO8HP,Alter Ego 2,False
104,spotify:track:6k4OoQ5vku2KrnEGqJ3zTK,Satellite 9,False
79,spotify:track:2azWSCwlPbAWy0Vlv94JJS,Craxk Flow,False
81,spotify:track:3TyuI58RCqTpEsBF8vYKza,Closed Curtains,False
82,spotify:track:4A3h1PSpDj2gaYD7gnR8F7,Pass It On,False
83,spotify:track:60QEnYIesHvM5dvUCx6pY5,Chain Smoking,False
84,spotify:track:2pMOtZ8npLx0FoLQgFOe3m,Swim,False
85,spotify:track:1zWafDFrriZpf2l8BUJwY3,Red Rum,False
171,spotify:track:7wgD7Hqud8hMFLQiCAS4ra,FYM,False
80,spotify:track:7ie94BVIBxXKqyD8r87Cjd,Unusual,False
105,spotify:track:4lpUZXDoaxKnp0s1ruRTQv,Satellite 6 (Corrupted),False
106,spotify:track:2dAUgLtAnFxFQWcrKSaPRx,Zone 3 (City Limits),False
107,spotify:track:1Dq21NBOZn4SFy5ox1ePy0,Zone 2 (Last Connection),False
157,spotify:track:1idrPY5plTk2dmBlUC2i4C,Let Me Know (feat. Jeremih),False
158,spotify:track:54ifyOGdGpcjGU5hM1NZXK,Add It Up,False
159,spotify:track:5nOvX90XGcQtJZNAqHQXHa,Biggest Stepper,False
160,spotify:track:782T1s2cO08iN1IMztNDxG,More Action,False
161,spotify:track:1VCmjSEynFodaKbmxG9dsA,Have You Ever (feat. Cash Kidd),False
162,spotify:track:05oDoj6GrNQgH6JcTo1eiB,Only 4 the Night,False
156,spotify:track:5B9Ncf4khw2Ug2Ba9zoBgY,Can’t Believe It,False
163,spotify:track:60aoadhQpY37NScIiyTDCY,Jeeezy WYA,False
165,spotify:track:69j1hkQAs8YCeEpkeUI1ww,Pretty Much,False
166,spotify:track:52W8YfBlpOVPmJPDgIN1wC,I Guess,False
167,spotify:track:3fMYPMcbHpXn0MRzRw7LKX,Party,False
168,spotify:track:1uL1oMgKCe4Yobe1MttwLO,Homeless,False
169,spotify:track:7DFidTHVTlgP8gAJtcfsxX,Have It Your Way,False
170,spotify:track:3PEgLIXMblpfmxBvL4TAXk,Suffer,False
164,spotify:track:4f6wqQlZdRvVIqb3Cn0fQm,Would You Care,False
72,spotify:track:3K55099f2hlkjc1ANUeH3b,Mathematician/BlackOut,False
155,spotify:track:0NTuI6ufpmFn1fCnhNAwBo,Flyest of my Generation,False
122,spotify:track:53fv6UybeUyZpRLAJMIB8Z,Rundling,False
108,spotify:track:1Q3rMIOyUEGZ5tiQKQiV6D,Intro,False
109,spotify:track:0aTwK1v6x1jV52PKyHuCcg,Les Echos (Piece for Tuba),False
110,spotify:track:00gCuR71UJMdSiHIp4Es8k,Boil First,False
111,spotify:track:117YKWrPHHOSAdopRbTa9e,E:E,False
112,spotify:track:2mgMkZ00r0k9ug3FHYDA50,When Orange,False
113,spotify:track:2REuyhEntKj3kkkSITFqxf,Crooked Teeth,False
123,spotify:track:2HDUNEpCGPUkhnoa99FVCf,Plain Hunt on Four,False
114,spotify:track:7CtFWtjwqTRYKGf7EuprFZ,The Giant,False
116,spotify:track:3Ca0fCV0O439lKSmYk8UTz,Outro,False
117,spotify:track:3hrMNAes6qotK2VP84B7zd,Zero Degree Machine,False
118,spotify:track:5nm9NdI4RpS7KfAE4B0kiO,Mess Mend,False
119,spotify:track:4NfANGUYM8KHGTgxzNP6wg,May Brigade,False
120,spotify:track:0PZEOw0iI4Q3xLZhc6aS0w,Solidarity Avenue,False
121,spotify:track:1X7IQ5PLSBKdGkyJxrAtb3,Law of Movement,False
115,spotify:track:0z1uuHoL9N251icwXWp9fD,Ann,False
71,spotify:track:3U5cPA6zlYeTl07r2ILJMY,"I Love You, But...",False
86,spotify:track:2BXMsBOw3LPsnli2L93Peb,What You Know,False
172,spotify:track:2P8Mj6HjvocOwnOaSuvIhb,Who We Are,False
12,spotify:track:5BexOGjuSVwOQxRtli9LM4,Drift,False
11,spotify:track:76eMiA3DQhgh6lVEpqhoNK,Thunder,False
10,spotify:track:4bUTP4O5QHWEfLBDz2yzU0,Up,False
9,spotify:track:32GqwhVFhy5xCD828ppDsD,Mutate,False
8,spotify:track:3EyxbmvNxqvFLmqRMc5Caw,Wood,False
7,spotify:track:3kCAE2mfUsjm7Ab2JAKMkC,Plunge,False
70,spotify:track:3EmJxIFAs9A0QLkf9YSTul,Sincerely Yours,False
5,spotify:track:4HY85bYciD099sE3ldnbd6,Tempus,False
4,spotify:track:6V4z1ZsxWzHv8xgPyUDplb,Firmament,False
3,spotify:track:73E4F1WkQWFLpMkhFWsFof,Stechmück,False
2,spotify:track:4w0tSsSRwTjWJidmTzP8HG,Alp,False
1,spotify:track:3EiZaX03fYdPKhsoji5p96,Grauer Sand,False
6,spotify:track:6dQaGieDPrxyk24KsVoaQG,Allermannsharnisch,False
138,spotify:track:5MM6iTvhrHg3OwaFkpXwVs,Can’t Believe It,True
137,spotify:track:58Tsiaq7RADPlDd1YaJiSe,Flyest of my Generation,True
136,spotify:track:3iFEj0Lz2WkSAHXYbIxDWO,WHO YOU TOUCH,True
135,spotify:track:2dD7MUsX88wgqYK1N6N7SM,JIGGY IN JERSEY (feat. Sha EK and DJ Swill B),True
134,spotify:track:15sv4nhUk8qYIAg5Q6IHe4,COPY AND PASTE,True
133,spotify:track:6dQ21YkAtisT1ZAa6J6RGj,REAL HIPS,True
132,spotify:track:3YcynHl7s3YdCKL0Rj7nks,LURKIN',True
129,spotify:track:5VA9OInZsSLcjGq8EbaeWc,DON'T MIX,True
130,spotify:track:746o9hdYc5yC7BuTFGrjU4,TELL ME SOMETHING,True
128,spotify:track:45MeHMKhriHWIgtl7zAHWo,BEAUTIFUL DIAMONDS (feat. skaiwater),True
127,spotify:track:0TtJZfTIuiekSdU4jt1DcM,KNOCKIN',True
126,spotify:track:649CwptryhWTGafaWiFEix,BOUNCIN' (feat. NLE Choppa),True
125,spotify:track:5zMhI0Enc9RmMdxTR85ypB,INFLUENCE,True
124,spotify:track:633Pp1sI4wpWFwYHHOnF6Y,FREE BRO,True
17,spotify:track:7D2KDqPofjQoNhe63TCk1U,goonies contra E.T. (feat. Sarah La Morena & El Individuo) - Danny Brasco & Nick Hook's Versión,True
131,spotify:track:7ERd87EHVWn9585J4qXxPS,PIANO (feat. Lay Bankz),True
139,spotify:track:0JOFB6I6pIOXgieSBVFCNf,Let Me Know (feat. Jeremih),True
142,spotify:track:07iFGT6m9TmU4uc91soNa0,More Action,True
141,spotify:track:3PJQqltBmNhZYBR701QgSs,Biggest Stepper,True
13,spotify:track:553KosD4UoDEFELbfHANCR,yankee y el valiente - TROOKO's Versión,True
14,spotify:track:1dUU5pj50EjhlXNkdXSQSv,ooh la la (feat. Santa Fe Klan) - Mexican Institute Of Sound Versión,True
15,spotify:track:4NqA2uQZsBGBelv77weqdi,fuera de vista (feat. Baco Exu Do Blues) - TROOKO’s Versión,True
16,spotify:track:3pHIwShgtyXcd8t97OWGTD,"santa calamifuck - Eva, Chucho, Yulian & Nick Hook's Versión",True
154,spotify:track:6xf2XOhikvryHlrE5wspmi,Who We Are,True
153,spotify:track:313ceO8148ttTgIqPucwkm,FYM,True
152,spotify:track:1hb6Cu58KjrXtn2wdi2uVT,Suffer,True
140,spotify:track:4Novzr5bJlwASkEvXa3F3T,Add It Up,True
151,spotify:track:7G3LCPNhLDeBUdKIRxpSDo,Have It Your Way,True
149,spotify:track:1lGxCBwimv3fTVGjkl5Pyw,Party,True
148,spotify:track:4ZRYYfcmE5fxmf0BgBZ9Xo,I Guess,True
147,spotify:track:0rN7NOwpEBI3hNECfXcVsW,Pretty Much,True
18,spotify:track:3bErW9oonJmaElbaPfJPlg,"caminando en la nieve (feat. Akapellah, Apache & Pawmps) - Orestes Gomez & Nick Hook’s Versión",True
145,spotify:track:6hDNndlWsp21hob5ISINeZ,Jeeezy WYA,True
144,spotify:track:41c0EzGWDEIR3kp6tvtGXM,Only 4 the Night,True
143,spotify:track:0PZeTKTaPOIIZEMsVSAZYC,Have You Ever (feat. Cash Kidd),True
150,spotify:track:50btpvb36fPj58i5OF71U4,Homeless,True
146,spotify:track:1pamUljueO309R98maH3D4,Would You Care,True
69,spotify:track:3fGgCblTwbJtnxNGPhyFCP,Took Some Time,True
21,spotify:track:3X7GZQVeQrdOUdDPCh19f5,el suelo debajo - Son Rompe Pera's Versión,True
48,spotify:track:1LzPc545iIk0Hx9KAd08Ii,ark doors,True
49,spotify:track:1J4XJi1UKvQD8BcSjDjzx3,lampião's flow,True
50,spotify:track:2kczYaZ1Jgp1iA6UILX348,tennessee farmer jutsu,True
51,spotify:track:3MQxoFbntfI4o3pcFopsQV,boot knife,True
52,spotify:track:5FDgf9hKJALqiue6T8KYal,Sincerely Yours,True
53,spotify:track:2tdubVE0KJolFEz4iKnmg4,"I Love You, But...",True
54,spotify:track:4QUdZkRpmWOknHa3f4H46O,Mathematician/BlackOut,True
55,spotify:track:2c73adneLNrtYyeX1ktkRW,We So Young,True
56,spotify:track:5V2yCUk9CwNYgXDXyHJN3A,Nightmares & Dreams,True
57,spotify:track:0nKQnOMlRodEdbnLJAv69o,Tired Of Me,True
58,spotify:track:6xcxwfplKbm2wHdUDQst2a,Chokehold,True
59,spotify:track:1PfSlx5nv4SIFi6Cnq2yR5,Spare Me,True
60,spotify:track:2jsa4vmcnHSwEolEtPGiCO,Alter Ego 2,True
61,spotify:track:4BsUPz9hcvOjTT6yp03jPv,Craxk Flow,True
62,spotify:track:5lEyB0XnyPFMIszdhPdsTB,Unusual,True
63,spotify:track:4ETVBlqxyZj2skQSfYiSqy,Closed Curtains,True
64,spotify:track:4Wn6TZnmOcF4xw27WQZ12y,Pass It On,True
65,spotify:track:7ye775acgIF8BCiJurOXEn,Chain Smoking,True
66,spotify:track:490iuopAh0GGkiwwADWH5v,Swim,True
67,spotify:track:1X1C389pFpMWzmZA3lqF6n,Red Rum,True
68,spotify:track:5IZuaJQqztvTT6PSzNrgfP,What You Know,True
47,spotify:track:3Xj0lnrZTc92Xl58Xm2TKW,mythsysizer instinct,True
46,spotify:track:4jaKOKhzeDqTaKw0fCDRBO,sittlichkeit,True
45,spotify:track:5WjWzgE0nB0nbUEA1fkSLh,"consolation (inspired by Butter Sunday, a poem by Gabrielle Octavia Rucker)",True
44,spotify:track:7q1TqldKdyDmeIeZHawPsZ,ours,True
22,spotify:track:0lMPwUyImqz8nWK1lUx9C1,"tirando el detonador (feat. Lido Pimienta, Javier Arce & Iggor Cavalera) - Mas Aya & Nick Hook's Versión",True
23,spotify:track:4xB3Dluw8uXXd0MFWM4GYl,unas palabras para el pelotón de fusilamiento (radiación) - Adrian Terrazas-Gonzalez & El Producto’s Versión,True
24,spotify:track:24ESADJEHv32HKuXjtUNGp,Vibe Of The Year,True
25,spotify:track:2glMQutgyDHGWxPAdODb68,Ride Or Die,True
26,spotify:track:5xA0ZokKrNDO2wak9svtD8,WHAM,True
27,spotify:track:4aZtYr0cAYmSJgtQUurlXS,3's Company,True
28,spotify:track:4yOIqYneValFYkbwEtwS4v,Let Me See Your Phone,True
29,spotify:track:1o5EeUhMDSNguOOdXde0La,Where’s My Sunshine?,True
30,spotify:track:3gaEL32AUwfNAinQhFUMbE,Best That I Got,True
31,spotify:track:61dlOsLjABToOe5RzZ5Dqf,Can’t Hold You Down,True
20,spotify:track:54L7t7btsJBtjzSNjeghg9,nunca mirar hacia atrás - Bomba Estéreo's Versión,True
32,spotify:track:67VAWMBdF8zvuVUSgYlv51,Bad News,True
34,spotify:track:0OGb6jO7EmCt469090lv3B,A Mother’s Love,True
35,spotify:track:6mB5z3Rjho5MAXUUfY0Q2Z,Note To Self,True
36,spotify:track:77mg681sO2ScMkV4ZB7pKD,Soul To Take,True
37,spotify:track:09oWpz1zSRScuPYFFbGAmq,Big Baby DRAM,True
38,spotify:track:0u9Y12SZAZkasLZikMyzpQ,PPL,True
39,spotify:track:6ILiZ6ggM5GkYOcrJK4R6k,Reflections,True
40,spotify:track:7kUK1Lm1oApWgXEfBW1379,First Time Again,True
41,spotify:track:3N83asEtFNsjVKXnJTHBua,WWYD? Part 2,True
42,spotify:track:4NVLbXSkwoSRahMIcs43bu,WHAM - Live,True
43,spotify:track:12WtBygLM06NOYXm3aiQoD,fighting back,True
33,spotify:track:2AbtmCQEkXzX5z9FHcBoXL,Angry,True
19,spotify:track:6ey8aat11RgL4jYvC4lRAy,JU$T (feat. Pharrell Williams & Zack de la Rocha) - Toy Selectah Versión,True
